year,category,total_profit
2011.0,Technology,109247.35084
2011.0,Office Supplies,85996.5343
2011.0,Furniture,53696.9264
2012.0,Technology,145976.9373
2012.0,Office Supplies,103305.5078
2012.0,Furniture,58132.834
2013.0,Technology,173626.59388
2013.0,Office Supplies,149245.7358
2013.0,Furniture,84062.9005
2014.0,Technology,234927.85116
2014.0,Office Supplies,179926.0564
2014.0,Furniture,89312.0629
